{
    "twitter:growupkomari": {
        "last_check": 1778818257.2482617,
        "last_new": 1778818257.2482617
    },
    "twitter:habeli_ai": {
        "last_check": 1778818543.2517848,
        "last_new": 1778818543.2517848
    },
    "twitter:hanenoha_ai": {
        "last_check": 1778818592.0806952,
        "last_new": 1778818592.0806952
    },
    "twitter:h4k4s3_aae": {
        "last_check": 1778818650.355586,
        "last_new": 1778818650.355586
    },
    "twitter:horon_AIart": {
        "last_check": 1778818668.0302112,
        "last_new": 1778818668.0302112
    },
    "twitter:icbmlabo": {
        "last_check": 1778818691.1020992,
        "last_new": 1778818691.1020992
    },
    "twitter:ig_ai_sub": {
        "last_check": 1778818719.7951822,
        "last_new": 1778818719.7951822
    },
    "twitter:ig_ai_sub3": {
        "last_check": 1778818736.659855,
        "last_new": 1778818736.659855
    },
    "twitter:Iris_ai_Iris": {
        "last_check": 1778818753.7489903,
        "last_new": 1778818753.7489903
    },
    "twitter:AnotherIris2": {
        "last_check": 1778818783.7554498,
        "last_new": 1778818783.7554498
    },
    "twitter:jsmatsu_44": {
        "last_check": 1778818813.4836812,
        "last_new": 1778818813.4836812
    },
    "twitter:hxk82": {
        "last_check": 1778818837.253458,
        "last_new": 1778818837.253458
    },
    "twitter:KariSeisak71570": {
        "last_check": 1778818866.6606708,
        "last_new": 1778818866.6606708
    },
    "twitter:kanome_c": {
        "last_check": 1778818884.6578095,
        "last_new": 1778818884.6578095
    },
    "twitter:kanome_yui": {
        "last_check": 1778818903.229845,
        "last_new": 1778818903.229845
    },
    "twitter:knmart_": {
        "last_check": 1778818920.9669921,
        "last_new": 1778818920.9669921
    },
    "twitter:KarehaX": {
        "last_check": 1778818944.1241944,
        "last_new": 1778818944.1241944
    },
    "twitter:Kareha_sub": {
        "last_check": 1778818962.4297652,
        "last_new": 1778818962.4297652
    },
    "twitter:KHAIWAI567997": {
        "last_check": 1778818985.6934187,
        "last_new": 1778818985.6934187
    },
    "twitter:takanya08": {
        "last_check": 1778819065.1575713,
        "last_new": 1778819065.1575713
    },
    "twitter:LifelongOrca98": {
        "last_check": 1778819089.803532,
        "last_new": 1778819089.803532
    },
    "twitter:minamoowxu": {
        "last_check": 1778819106.87283,
        "last_new": 1778819106.87283
    },
    "twitter:mkula_77": {
        "last_check": 1778819124.146403,
        "last_new": 1778819124.146403
    },
    "twitter:Moi6D6F69": {
        "last_check": 1778819154.0690162,
        "last_new": 1778819154.0690162
    },
    "twitter:pixel88632": {
        "last_check": 1778819194.2042298,
        "last_new": 1778819194.2042298
    },
    "twitter:natsu_ichino": {
        "last_check": 1778819217.5584507,
        "last_new": 1778819217.5584507
    },
    "twitter:nekobeesub": {
        "last_check": 1778819241.1265295,
        "last_new": 1778819241.1265295
    },
    "twitter:nekoneet2": {
        "last_check": 1778819259.6024086,
        "last_new": 1778819259.6024086
    },
    "twitter:nyashi_4649_2nd": {
        "last_check": 1778819277.636489,
        "last_new": 1778819277.636489
    },
    "twitter:onigirann": {
        "last_check": 1778819300.965444,
        "last_new": 1778819300.965444
    },
    "twitter:ousetuaiirasuto": {
        "last_check": 1778819329.846221,
        "last_new": 1778819329.846221
    },
    "twitter:PeR0pU": {
        "last_check": 1778819347.3582344,
        "last_new": 1778819347.3582344
    },
    "twitter:Poke066": {
        "last_check": 1778819369.6277585,
        "last_new": 1778819369.6277585
    },
    "twitter:poke0664": {
        "last_check": 1778819388.0020685,
        "last_new": 1778819388.0020685
    },
    "twitter:poke0665": {
        "last_check": 1778819417.528267,
        "last_new": 1778819417.528267
    },
    "twitter:Poke0662nd": {
        "last_check": 1778819442.8263872,
        "last_new": 1778819442.8263872
    },
    "twitter:pomela0516": {
        "last_check": 1778819467.2547002,
        "last_new": 1778819467.2547002
    },
    "twitter:pome_charo": {
        "last_check": 1778819485.9605985,
        "last_new": 1778819485.9605985
    },
    "twitter:tjamajTmdmd": {
        "last_check": 1778819502.9413764,
        "last_new": 1778819502.9413764
    },
    "twitter:punironp": {
        "last_check": 1778819521.6398091,
        "last_new": 1778819521.6398091
    },
    "twitter:user_kmer7223": {
        "last_check": 1778819540.3460813,
        "last_new": 1778819540.3460813
    },
    "twitter:reve_a_i": {
        "last_check": 1778819563.5295665,
        "last_new": 1778819563.5295665
    },
    "twitter:Ringoame8163": {
        "last_check": 1778819596.6171782,
        "last_new": 1778819596.6171782
    }
}