{
    "twitter:growupkomari": {
        "last_check": 1778818257.2482617,
        "last_new": 1778818257.2482617
    },
    "twitter:habeli_ai": {
        "last_check": 1778818543.2517848,
        "last_new": 1778818543.2517848
    },
    "twitter:hanenoha_ai": {
        "last_check": 1778818592.0806952,
        "last_new": 1778818592.0806952
    }
}